,,
,,
,,
#,Palabra ,Tema 
1,Acción,SIGA
2,Ácido,Desarrollo de nuevos productos
3,Activo,Ciberseguridad
4,Actor ,Operaciones
5,Acuerdo,Sostenibilidad
6,Adjunto,Ciberseguridad
7,Aduana,Operaciones
8,Agente,Operaciones
9,Alerta,Ciberseguridad
10,Algoritmo,Ciberseguridad
11,Altura,Seguridad en las operaciones
12,Ambiente ,Programas de Bienestar
13,Amenaza,Ciberseguridad
14,Analisis,Tecnología
15,Ánimo,Programas de Bienestar
16,Ansiedad,Entorno laboral 
17,Apilar,Operaciones
18,Apoyo ,Entorno laboral 
19,Aprender,Filosofía HP
20,Arco,Ciberseguridad
21,Articulo,Relaciones Laborales
22,Astillero,Seguridad en las operaciones
23,Ataque,Ciberseguridad
24,Atraer,Entorno laboral 
25,Audición,Programas de Bienestar
26,Ausencia,Entorno laboral 
27,Autoridad,Operaciones
28,Auxilio,Seguridad en las operaciones
29,Aviso,Ciberseguridad
30,Ayuda,Seguridad en las operaciones
31,Balance ,Programas de Bienestar
32,Benchmark,Procesos de RRHH
33,Bienestar,Entorno laboral 
34,Bloquear,Ciberseguridad
35,Borrar,Ciberseguridad
36,Brigada,Seguridad en las operaciones
37,Brindar,Programas de Bienestar
38,Buque,Operaciones
39,buzon,Relaciones Laborales
40,Calidad,SIGA
41,Cambio,SIGA
42,Camion,Operaciones
43,Capacitar,Procesos de RRHH
44,Cargo,Operaciones
45,Causa,SIGA
46,Centro,Seguridad en las operaciones
47,Ciclo,Sostenibilidad
48,Cifrar,Ciberseguridad
49,Circular,Sostenibilidad
50,Cliente,Desarrollo de nuevos productos
51,Clima ,Relaciones Laborales
52,Código,Operaciones
53,Colaborar,Procesos de RRHH
54,Colectivo,Relaciones Laborales
55,Comida,Programas de Bienestar
56,Comunidad,Sostenibilidad
57,Condicion,Relaciones Laborales
58,Conexión,Operaciones
59,Conflicto,Relaciones Laborales
60,Consulta,Procesos de RRHH
61,Consumo,Tecnología
62,Container,Operaciones
63,Contraseña,Ciberseguridad
64,Contratar,Procesos de RRHH
65,Contrato,Relaciones Laborales
66,Contribuir,Programas de Bienestar
67,Control,Seguridad en las operaciones
68,Convenio,Relaciones Laborales
69,Copia,Ciberseguridad
70,Correo,Ciberseguridad
71,Costo,SIGA
72,Creativo,Desarrollo de nuevos productos
73,Crecer,Relaciones Laborales
74,Criterio,Procesos de RRHH
75,Crítico,Tecnología
76,Crucero,Seguridad en las operaciones
77,Cuerpo,Programas de Bienestar
78,Cuidar,Programas de Bienestar
79,Cultivar,Programas de Bienestar
80,Cultura,Filosofía HP
81,Daños,Brigadas
82,Defecto,SIGA
83,Defensa,Ciberseguridad
84,Delito,Ciberseguridad
85,Denuncia,Ciberseguridad
86,Derecho,Relaciones Laborales
87,Derrame,Brigadas
88,Desafio,Filosofía HP
89,Desalojo,Operaciones
90,Desastre,Seguridad en las operaciones
91,Descanso,Programas de Bienestar
92,Desvio,Operaciones
93,Diesel ,Sostenibilidad
94,Digital,Ciberseguridad
95,Dimension,Operaciones
96,Dinamica,Relaciones Laborales
97,Diseño,Desarrollo de nuevos productos
98,Diversidad,Relaciones Laborales
99,Doble,Ciberseguridad
100,Drones,Tecnología
101,Economía ,Sostenibilidad
102,Eficiente,Sostenibilidad
103,Ejercicio,Programas de Bienestar
104,Emision,Sostenibilidad
105,Emocional,Programas de Bienestar
106,Empatia,Programas de Bienestar
107,Empleador,Relaciones Laborales
108,Empleo,Entorno laboral 
109,Empresa,Relaciones Laborales
110,Encuesta,Relaciones Laborales
111,Energia,Sostenibilidad
112,Enfermedad,Entorno laboral 
113,Enfoque ,SIGA
114,Enlace,Ciberseguridad
115,entorno,Relaciones Laborales
116,Entrega,Operaciones
117,Eolica,Sostenibilidad
118,Equidad,Relaciones Laborales
119,Equilibrio,Entorno laboral 
120,Equipo,Operaciones
121,Ergonomia,Programas de Bienestar
122,Error,Ciberseguridad
123,Esbelto,SIGA
124,Escucha,Programas de Bienestar
125,Estadía,Operaciones
126,Estandar,Sostenibilidad
127,Estatuto,Relaciones Laborales
128,Estiba,Operaciones
129,Estrés,Entorno laboral 
130,Etapa,SIGA
131,Ética,Relaciones Laborales
132,Evaluar,Procesos de RRHH
133,Evento,SIGA
134,Evitar,Ciberseguridad
135,Excelencia,SIGA
136,Éxito,Programas de Bienestar
137,Experto,Procesos de RRHH
138,Factor,Sostenibilidad
139,Fallas,Tecnología
140,Familia,Entorno laboral 
141,Fases,Brigadas
142,Ferreo,Operaciones
143,Filtrar,Ciberseguridad
144,Firewall,Ciberseguridad
145,Fisico,Entorno laboral 
146,Flotas,Sostenibilidad
147,Flujo,Sostenibilidad
148,Formar,Entorno laboral 
149,Fosil,Sostenibilidad
150,Fraude,Ciberseguridad
151,Frente,Operaciones
152,Fuego,Seguridad en las operaciones
153,Fuentes,Procesos de RRHH
154,Función,Procesos de RRHH
155,Futuro,Sostenibilidad
156,Gestión,Relaciones Laborales
157,Gestor,Ciberseguridad
158,Grafico,SIGA
159,Granel,Operaciones
160,Grave,Brigadas
161,Grúas,Operaciones
162,Grupo,Filosofía HP
163,Guía,Relaciones Laborales
164,Habito,Programas de Bienestar
165,Hibrido,Sostenibilidad
166,Hidratar,Programas de Bienestar
167,higiene,Programas de Bienestar
168,Historia,Filosofía HP
169,Horario,Programas de Bienestar
170,Humanidad,Programas de Bienestar
171,Humano,Procesos de RRHH
172,Ideas,Desarrollo de nuevos productos
173,Impacto ,Relaciones Laborales
174,Impulso,Programas de Bienestar
175,Incendio,Seguridad en las operaciones
176,Inclusión,Filosofía HP
177,Indicador,Operaciones
178,Inducir,Procesos de RRHH
179,Industria,SIGA
180,Inminente,Seguridad en las operaciones
181,Inspeccion,Programas de Bienestar
182,Intangible,Ciberseguridad
183,Internet,Ciberseguridad
184,jornada,Relaciones Laborales
185,Laboral,Relaciones Laborales
186,Labores,Procesos de RRHH
187,Leyes,Relaciones Laborales
188,Licencia,Procesos de RRHH
189,Lider,Brigadas
191,Liderazgo,Filosofía HP
192,Limite,Programas de Bienestar
193,Limpio,Sostenibilidad
194,Malware,Ciberseguridad
195,Manejo,Operaciones
197,Maniobra,Seguridad en las operaciones
198,Marco,Relaciones Laborales
199,Maritimo,Operaciones
200,Medida,Brigadas
201,Medio,Sostenibilidad
202,Medir,Procesos de RRHH
203,Mejora,SIGA
204,Mejorar,Programas de Bienestar
205,Mental ,Entorno laboral 
206,Mercado ,Procesos de RRHH
207,Mercancia,Operaciones
208,Metadato,Ciberseguridad
209,Método,SIGA
210,Minimo,Relaciones Laborales
211,Moderno,Tecnología
212,Monetizar,Desarrollo de nuevos productos
213,Monitor,Brigadas
214,motivar,Relaciones Laborales
216,Muelle,Operaciones
217,Mutuo,Entorno laboral 
219,Naval,Seguridad en las operaciones
221,Naviera,Operaciones
222,Negocio,Filosofía HP
223,Negocio,Sostenibilidad
224,Nivel,Brigadas
225,Nombrar,Relaciones Laborales
226,nomina,Relaciones Laborales
227,Norma,Filosofía HP
228,Normas,Relaciones Laborales
229,Nutrir ,Programas de Bienestar
230,Oculto,Ciberseguridad
231,Oficial,Brigadas
232,Operador,Operaciones
233,Operar,Operaciones
234,Optimo,Tecnología
235,Organo,Operaciones
236,Pagos ,Procesos de RRHH
237,Patio,Operaciones
238,Patron,Entorno laboral 
239,Peaton,Seguridad en las operaciones
240,Peligro,Brigadas
241,Perfil,Procesos de RRHH
242,Permiso,Relaciones Laborales
243,Personal,Relaciones Laborales
244,Pilar,Sostenibilidad
245,Placer ,Programas de Bienestar
246,Planear,Operaciones
247,Politica,Relaciones Laborales
248,Portico,Seguridad en las operaciones
249,Posible,Seguridad en las operaciones
250,Positivo,Entorno laboral 
251,Postura ,Programas de Bienestar
252,Potencial,Desarrollo de nuevos productos
253,prestacion,Relaciones Laborales
254,Prevenir,Seguridad en las operaciones
255,Previos,Seguridad en las operaciones
256,Priorizar,Programas de Bienestar
257,Probable,Seguridad en las operaciones
258,Proceso,Operaciones
259,Proceso,SIGA
260,Promover,Programas de Bienestar
261,prosperar,Relaciones Laborales
262,Proyecto,Desarrollo de nuevos productos
263,Prueba,Desarrollo de nuevos productos
264,Puerto,Operaciones
265,Puesto ,Procesos de RRHH
266,Quimico,Seguridad en las operaciones
267,Ransom,Ciberseguridad
268,Recepcion,Operaciones
269,Recurso,Sostenibilidad
270,Reducir,Seguridad en las operaciones
271,Reducir ,Sostenibilidad
272,Reefer,Operaciones
273,Regenerar,Sostenibilidad
274,Regla,Relaciones Laborales
275,Relación,Relaciones Laborales
276,Relación,Entorno laboral 
277,Relajar,Programas de Bienestar
278,Rendir ,Procesos de RRHH
279,Rentable,Desarrollo de nuevos productos
280,Reporte,Procesos de RRHH
281,Rescate,Brigadas
282,Respaldo,Ciberseguridad
283,Respeto,Procesos de RRHH
284,Retener,Relaciones Laborales
285,Retener,Procesos de RRHH
286,Retorno,Programas de Bienestar
287,Retos,Procesos de RRHH
288,Riesgo,Sostenibilidad
289,riesgo,Relaciones Laborales
290,Riesgo,Brigadas
291,Robusto,Ciberseguridad
292,Roles,Entorno laboral 
293,Rotación,Procesos de RRHH
294,Rotar,Entorno laboral 
295,Ruido,Programas de Bienestar
296,salario,Relaciones Laborales
297,Salud ,Seguridad en las operaciones
298,Saludable,Programas de Bienestar
299,sanción,Relaciones Laborales
300,Seguimiento,Procesos de RRHH
301,Seguro,Operaciones
302,Seleccionar,Procesos de RRHH
303,Sensor,Tecnología
304,Señal,Ciberseguridad
305,Señal,Brigadas
306,Servicio,Desarrollo de nuevos productos
307,SIGMA,SIGA
308,Simulacro,Seguridad en las operaciones
309,Sinergia,Desarrollo de nuevos productos
310,Sistema,Operaciones
311,Sitio,Ciberseguridad
312,Social,Sostenibilidad
313,Socio,Filosofía HP
314,Software,Ciberseguridad
315,Solar,Sostenibilidad
316,Sostenible,Sostenibilidad
317,Subsidio,Relaciones Laborales
318,Sueño,Entorno laboral 
319,Talento,Filosofía HP
320,Talento,Entorno laboral 
321,Taller ,Seguridad en las operaciones
322,Tangible,Ciberseguridad
323,Tank,Operaciones
324,Tarea,Relaciones Laborales
325,Tecnico,Brigadas
326,Terminal,Operaciones
327,Tóxico,Brigadas
328,Trabajo,Relaciones Laborales
329,Tractor,Operaciones
330,Tratado,Relaciones Laborales
331,Trato ,Programas de Bienestar
332,Unica,Ciberseguridad
333,UNITY,Filosofía HP
334,Vacacion,Relaciones Laborales
335,Vagon,Operaciones
336,Valor,Filosofía HP
337,Viable ,Desarrollo de nuevos productos
338,Vialidad,Seguridad en las operaciones
339,Visual ,Programas de Bienestar
340,Volumen,Operaciones
341,Manga,Nomenclatura naval
342,Puntal,Nomenclatura naval
343,Calado,Nomenclatura naval
344,Eslora,Nomenclatura naval
345,Atraque,Nomenclatura naval
346,Proa,Nomenclatura naval
347,Popa,Nomenclatura naval
348, Babor,Nomenclatura naval
349,Estribor,Nomenclatura naval
350, Amarre,Nomenclatura naval
351,Bitácora,Nomenclatura naval
352,Muelle,Nomenclatura naval
353, Estiba,Nomenclatura naval
354, Desestiba,Nomenclatura naval
355,Dragado,Nomenclatura naval
356,Cabotaje,Nomenclatura naval
357,Quilla ,Nomenclatura naval
358,Boya,Nomenclatura naval
359, Fondeo,Nomenclatura naval
360,Trincaje,Nomenclatura naval
361,Remolque,Nomenclatura naval
362, Pilotaje,Nomenclatura naval
363,Noray,Nomenclatura naval
364,Francobordo,Nomenclatura naval
365,Mamparo,Nomenclatura naval